symbol,eps,Igroup Name
FUSION,-8.08,Finance
SPANDANA,12.72,Finance
DISHTV,-20.58,Entertainment
ZEEL,4.17,Entertainment
IPL,6.13,Fertilizers & Agrochemicals
IDEA,-5.06,Telecom - Services
SANGHVIMOV,20.64,"Agricultural, Commercial & Construction Vehicles"
SPARC,-12.6,Pharmaceuticals & Biotechnology
RAYMOND,252.99,Realty
HONASA,2.4,Personal Products
ESAFSFB,0.55,Banks
CHENNPETRO,48.13,Petroleum Products
CREDITACC,83.34,Finance
SINDHUTRAD,0.58,Diversified
PAISALO,2.98,Finance
AKUMS,18.46,Pharmaceuticals & Biotechnology
PNCINFRA,48.32,Construction
RBLBANK,19.3,Banks
SANGHIIND,-19.54,Cement & Cement Products
VAIBHAVGBL,7.36,Consumer Durables
UTKARSHBNK,4.21,Banks
COCHINSHIP,32.97,Industrial Manufacturing
MRPL,5.16,Petroleum Products
EQUITASBNK,5.54,Banks
MOIL,17.08,Minerals & Mining
JSFB,69.17,Banks
HINDWAREAP,-1.06,Consumer Durables
ALOKINDS,-1.84,Textiles & Apparels
ALLCARGO,0.44,Transport Services
PRINCEPIPE,11.93,Industrial Products
KALAMANDIR,5.95,Retailing
TANLA,40.2,IT - Software
UJJIVANSFB,5.97,Banks
IGL,28.39,Gas
TCIEXP,28.94,Transport Services
AARTIIND,12.28,Chemicals & Petrochemicals
NETWORK18,-2.56,Entertainment
MAHSEAMLES,65.57,Industrial Products
INDUSINDBK,104.56,Banks
SWSOLAR,-2.04,Construction
GAEL,7.37,Agricultural Food & other Products
RAJESHEXPO,1.28,Consumer Durables
GRSE,33.59,Aerospace & Defense
IRCON,9.8,Construction
MMTC,1.38,Commercial Services & Supplies
INTELLECT,9.32,IT - Software
NIACL,8.15,Insurance
MGL,115.6,Gas
ADANIGREEN,6.35,Power
DBREALTY,4.88,Realty
YESBANK,0.59,Banks
SCI,21.98,Transport Services
ADANIENSOL,4.87,Power
SANOFI,230.06,Pharmaceuticals & Biotechnology
RAMKY,34.64,Construction
SULA,10.13,Beverages
ADANIPOWER,31.18,Power
MSTCLTD,27.63,Commercial Services & Supplies
HATHWAY,0.57,Entertainment
NSLNISP,-8.77,Ferrous Metals
HINDZINC,20.69,Non - Ferrous Metals
CONFIPET,2.66,Gas
UCOBANK,1.84,Banks
KOLTEPATIL,-9.75,Realty
MIDHANI,4.71,Aerospace & Defense
RHIM,-4.9,Industrial Products
INFIBEAM,0.73,Financial Technology (Fintech)
MAPMYINDIA,24.71,IT - Software
OIL,51.56,Oil
TITAGARH,22.9,Industrial Manufacturing
J&KBANK,18.73,Banks
ATGL,6.42,Gas
BDL,6.79,Aerospace & Defense
BANDHANBNK,13.85,Banks
IOB,1.56,Banks
IIFL,24.13,Finance
DEN,4.7,Entertainment
TRIDENT,0.62,Textiles & Apparels
ELECTCAST,14.27,Industrial Products
SFL,13.87,Consumer Durables
JBMA,15.84,Auto Components
IDEAFORGE,3.04,Aerospace & Defense
AHLUCONT,50.66,Construction
TIIL,114.72,Industrial Products
HINDOILEXP,12.86,Oil
IRFC,4.97,Finance
RBA,-4.65,Leisure Services
SOUTHBANK,5.3,Banks
HEMIPROP,-0.36,Commercial Services & Supplies
JWL,8.93,Industrial Manufacturing
ADANIENT,46.55,Metals & Minerals Trading
BORORENEW,-6.63,Industrial Products
INOXGREEN,0.89,Other Utilities
ANURAS,6.38,Chemicals & Petrochemicals
IREDA,5.38,Finance
ADVENZYMES,12.25,Pharmaceuticals & Biotechnology
ENGINERSIN,6.58,Construction
HINDCOPPER,4.17,Non - Ferrous Metals
JKPAPER,37.6,"Paper, Forest & Jute Products"
RAILTEL,8.12,Telecom - Services
VENUSPIPES,48.82,Industrial Products
GODFRYPHLP,174.17,Cigarettes & Tobacco Products
EASEMYTRIP,0.25,Leisure Services
SAIL,6.11,Ferrous Metals
MUTHOOTMF,25.02,Finance
VSTIND,14.3,Cigarettes & Tobacco Products
TATAMOTORS,90.05,Automobiles
JUNIPER,1.54,Leisure Services
FORCEMOT,361.85,Automobiles
PATELENG,3.89,Construction
RVNL,6.45,Construction
TATATECH,15.95,IT - Services
HERITGFOOD,18.78,Food Products
VEEDOL,87.16,
PARAS,11.61,Aerospace & Defense
GATEWAY,4.57,Transport Services
SJVN,2.56,Power
DMART,41.18,Retailing
FINCABLES,45.65,Industrial Products
SKFINDIA,113.64,Industrial Products
HUDCO,12.31,Finance
BBL,48.84,Electrical Equipment
MANAPPURAM,26.67,Finance
PURVA,2.92,Realty
GMDCLTD,19.99,Minerals & Mining
TATAINVEST,73.07,Finance
HONAUT,596.19,Industrial Manufacturing
SURYAROSNI,29.49,Industrial Products
PTC,15.77,Power
POONAWALLA,5.32,Finance
BASF,149.82,Chemicals & Petrochemicals
DATAPATTNS,33.04,Aerospace & Defense
ZFCVINDIA,215.97,Auto Components
VOLTAMP,339.38,Electrical Equipment
IRB,1.02,Construction
VENKEYS,76.98,Food Products
BSOFT,21.97,IT - Software
MAHLOG,-7.01,Transport Services
JAMNAAUTO,4.9,Auto Components
CERA,185.33,Consumer Durables
EMIL,4.75,Retailing
DELHIVERY,0.07,Transport Services
NHPC,2.5,Power
RITES,8.29,Construction
RTNINDIA,5.2,Retailing
BIRLACORPN,40.26,Cement & Cement Products
JKTYRE,27.12,Auto Components
IDFCFIRSTB,3.21,Banks
FIVESTAR,32.99,Finance
LINDEINDIA,51.91,Chemicals & Petrochemicals
GSFC,13.27,Fertilizers & Agrochemicals
GUJGASLTD,18.47,Gas
JAIBALAJI,49.42,Ferrous Metals
IFCI,0.5,Finance
SHARDAMOTR,108.49,Auto Components
BANKINDIA,17.49,Banks
CONCOR,20.87,Transport Services
TIMKEN,52.7,Industrial Products
RAIN,-45.25,Chemicals & Petrochemicals
BAJAJELEC,9.36,Consumer Durables
WSTCSTPAPR,69.47,"Paper, Forest & Jute Products"
SSWL,42.18,Auto Components
UNIONBANK,20.27,Banks
IOC,12.73,Petroleum Products
JYOTHYLAB,10.25,Household Products
CASTROLIND,9.07,Petroleum Products
TTML,-6.49,Telecom - Services
BAJAJ-AUTO,261.98,Automobiles
AIAENG,111.98,Industrial Products
HGINFRA,82.13,Construction
NBCC,1.67,Construction
SYMPHONY,33.74,Consumer Durables
IMAGICAA,0.75,Leisure Services
GRINDWELL,33.84,Industrial Products
IFBIND,24.36,Consumer Durables
SHAREINDIA,22.19,Capital Markets
MEDANTA,18.17,Healthcare Services
SUPREMEIND,86.05,Industrial Products
GESHIP,197.93,Transport Services
SAMMAANCAP,-29.44,Finance
STARCEMENT,4.9,Cement & Cement Products
SUNDARMFIN,142.07,Finance
BALMLAWRIE,15.6,Diversified
KPITTECH,26.69,IT - Software
WELSPUNLIV,7.38,Textiles & Apparels
CRAFTSMAN,114.73,Auto Components
IRCTC,15.01,Leisure Services
TEXRAIL,5.43,Industrial Manufacturing
OLECTRA,13.73,Automobiles
JCHAC,10.29,Consumer Durables
BEPL,7.26,Chemicals & Petrochemicals
KSCL,59.46,Agricultural Food & other Products
AUBANK,25.49,Banks
ALKYLAMINE,32.81,Chemicals & Petrochemicals
SONATSOFTW,9.95,IT - Software
VGUARD,6.75,Consumer Durables
IEX,4.4,Capital Markets
NFL,7.38,Fertilizers & Agrochemicals
ICIL,15.62,Textiles & Apparels
POWERINDIA,46.72,Electrical Equipment
ARE&M,53.66,Auto Components
CSBBANK,31.89,Banks
NRBBEARING,26.51,Auto Components
TATAELXSI,131.41,IT - Software
ASIANPAINT,47.61,Consumer Durables
CGCL,3.88,Finance
DATAMATICS,30.41,IT - Services
STARHEALTH,14.47,Insurance
SCHAEFFLER,58.42,Auto Components
SUPRAJIT,9.97,Auto Components
VARROC,34.54,Auto Components
IXIGO,1.85,Leisure Services
IIFLSEC,22.55,Capital Markets
LANDMARK,7.81,Automobiles
CENTRALBK,3.93,Banks
AARTIDRUGS,16.59,Pharmaceuticals & Biotechnology
EXIDEIND,9.82,Auto Components
BAJAJHIND,-0.15,Agricultural Food & other Products
RCF,3.56,Fertilizers & Agrochemicals
GULFOILLUB,67.64,Petroleum Products
BAJAJCON,9.95,Personal Products
ZYDUSLIFE,42.41,Pharmaceuticals & Biotechnology
INOXWIND,1.49,Electrical Equipment
ASTRAL,19.52,Industrial Products
ROLEXRINGS,57.93,Auto Components
JINDWORLD,4.22,Textiles & Apparels
MAHLIFE,7.57,Realty
DREAMFOLKS,13.06,Transport Infrastructure
ADANIPORTS,47.48,Transport Infrastructure
MHRIL,5.65,Leisure Services
GRAPHITE,23.88,Industrial Products
PNB,13.12,Banks
INDIAMART,71.52,Retailing
SUZLON,0.71,Electrical Equipment
LTF,10.3,Finance
SUNTECK,10.35,Realty
GMMPFAUDLR,22.84,Industrial Manufacturing
TEGA,25.45,Industrial Manufacturing
DELTACORP,5.81,Leisure Services
SAREGAMA,9.77,Entertainment
BHARATFORG,20.38,Auto Components
AVANTIFEED,30.72,Food Products
TORNTPOWER,46.68,Power
ROUTE,59.35,Telecom - Services
KTKBANK,36.82,Banks
PNBHOUSING,64.47,Finance
JTLIND,3.12,Industrial Products
DEVYANI,0.26,Leisure Services
COLPAL,33.23,Personal Products
SBILIFE,21.71,Insurance
HCC,3.55,Construction
ANGELONE,148.33,Capital Markets
PCBL,13.23,Chemicals & Petrochemicals
TIINDIA,43.09,Auto Components
ONGC,32.68,Oil
SENCO,25.44,Consumer Durables
ITI,-5.22,Telecom -  Equipment & Accessories
GPPL,7.6,Transport Infrastructure
RESPONIND,7.05,Consumer Durables
NYKAA,0.15,Retailing
DCXINDIA,5.3,Aerospace & Defense
STLTECH,-4.54,Telecom -  Equipment & Accessories
CHOLAFIN,45.78,Finance
DALBHARAT,40.78,Cement & Cement Products
MOTHERSON,5.59,Auto Components
BHEL,1.28,Electrical Equipment
PARKHOTELS,3.3,Leisure Services
WONDERLA,24.29,Leisure Services
ASTRAMICRO,13.83,Aerospace & Defense
ITDCEM,19.81,Construction
CYIENT,59.5,IT - Services
HAPPSTMNDS,15.48,IT - Software
EIHOTEL,10.62,Leisure Services
RENUKA,-2.22,Agricultural Food & other Products
BALAMINES,62.14,Chemicals & Petrochemicals
INOXINDIA,21.46,Industrial Products
LODHA,21.05,Realty
AMBUJACEM,13.07,Cement & Cement Products
SUBROS,19.73,Auto Components
GSPL,27.06,Gas
WHIRLPOOL,23.85,Consumer Durables
HFCL,2.59,Telecom - Services
CHOLAHLDNG,109.33,Finance
FINPIPE,12.97,Industrial Products
DCBBANK,18.01,Banks
RRKABEL,23.31,Industrial Products
SBCL,13.95,Industrial Products
PTCIL,31.12,Industrial Products
CLEAN,24.27,Chemicals & Petrochemicals
INDUSTOWER,28.05,Telecom - Services
IDBI,6.29,Banks
MINDACORP,10.95,Auto Components
MTARTECH,12.51,Aerospace & Defense
POWERMECH,87.03,Construction
HEROMOTOCO,206.66,Automobiles
TATACONSUM,11.98,Agricultural Food & other Products
BRITANNIA,88.45,Food Products
RATEGAIN,16.0,IT - Software
HOMEFIRST,37.67,Finance
AWL,7.56,Agricultural Food & other Products
NEWGEN,20.19,IT - Software
KAJARIACER,23.9,Consumer Durables
HSCL,10.07,Chemicals & Petrochemicals
JTEKTINDIA,3.63,Auto Components
SUNDRMFAST,26.04,Auto Components
COALINDIA,58.55,Consumable Fuels
FCL,11.02,Chemicals & Petrochemicals
VIPIND,-3.24,Consumer Durables
ENDURANCE,54.71,Auto Components
JPPOWER,0.91,Power
ACE,30.74,"Agricultural, Commercial & Construction Vehicles"
SAMHI,2.95,Leisure Services
CAMPUS,3.19,Consumer Durables
EVEREADY,10.38,Household Products
MAHABANK,6.92,Banks
SOBHA,5.51,Realty
GPIL,14.28,Industrial Products
LICHSGFIN,88.73,Finance
BEML,68.68,"Agricultural, Commercial & Construction Vehicles"
SPLPETRO,21.86,Chemicals & Petrochemicals
CIEINDIA,21.57,Auto Components
LUXIND,53.42,Textiles & Apparels
JKLAKSHMI,30.33,Cement & Cement Products
TRIVENI,14.17,Agricultural Food & other Products
CELLO,15.33,Consumer Durables
KIRLOSENG,36.12,Industrial Products
GREENPANEL,8.09,Consumer Durables
CENTURYPLY,9.79,Consumer Durables
AETHER,6.17,Chemicals & Petrochemicals
FDC,19.5,Pharmaceuticals & Biotechnology
BPCL,30.73,Petroleum Products
BAJAJFINSV,52.93,Finance
SWANENERGY,21.08,Diversified
LATENTVIEW,8.24,IT - Software
MAITHANALL,284.32,Ferrous Metals
GNFC,30.22,Chemicals & Petrochemicals
TEAMLEASE,62.31,Commercial Services & Supplies
GLAND,42.06,Pharmaceuticals & Biotechnology
ACC,108.46,Cement & Cement Products
MAZDOCK,127.26,Industrial Manufacturing
TATASTEEL,2.38,Ferrous Metals
NAVA,78.61,Power
DHANUKA,59.46,Fertilizers & Agrochemicals
THERMAX,65.64,Electrical Equipment
DABUR,10.07,Personal Products
SUNFLAG,8.24,Ferrous Metals
KANSAINER,7.7,Consumer Durables
NOCIL,8.41,Chemicals & Petrochemicals
TBOTEK,20.63,Leisure Services
CYIENTDLM,8.6,Industrial Manufacturing
3MINDIA,532.05,Diversified
KPIL,32.26,Construction
KNRCON,39.35,Construction
BERGEPAINT,9.82,Consumer Durables
JUSTDIAL,59.16,Retailing
ABCAPITAL,14.28,Finance
HAL,127.59,Aerospace & Defense
CHEMPLASTS,-8.1,Chemicals & Petrochemicals
ELECON,15.85,Industrial Manufacturing
WESTLIFE,1.36,Leisure Services
BLUEDART,119.34,Transport Services
KSB,13.15,Industrial Products
OPTIEMUS,7.89,Telecom -  Equipment & Accessories
AUROPHARMA,61.24,Pharmaceuticals & Biotechnology
EMAMILTD,17.72,Personal Products
ORIENTELEC,2.91,Consumer Durables
CANBK,17.64,Banks
PRESTIGE,16.84,Realty
BAYERCROP,129.22,Fertilizers & Agrochemicals
THOMASCOOK,6.0,Leisure Services
RELINFRA,81.5,Power
CARBORUNIV,24.95,Industrial Products
GABRIEL,14.67,Auto Components
SANDUMA,21.57,Consumable Fuels
GLAXO,39.84,Pharmaceuticals & Biotechnology
JKIL,47.81,Construction
APTUS,13.47,Finance
SYRMA,5.94,Industrial Manufacturing
KRBL,19.17,Agricultural Food & other Products
BIKAJI,11.64,Food Products
GOCOLORS,15.82,Retailing
M&MFIN,17.66,Finance
GMRINFRA,-1.27,Transport Infrastructure
MSUMI,1.5,Auto Components
JSL,29.79,Ferrous Metals
VINATIORGA,35.63,Chemicals & Petrochemicals
SOLARINDS,112.15,Chemicals & Petrochemicals
PHOENIXLTD,33.79,Realty
ELGIEQUIP,10.37,Industrial Products
JINDALSAW,28.65,Industrial Products
HEG,14.81,Industrial Products
RELIANCE,50.14,Petroleum Products
ORISSAMINE,24.24,Minerals & Mining
NMDC,20.73,Minerals & Mining
CONCORDBIO,31.27,Pharmaceuticals & Biotechnology
VTL,27.99,Textiles & Apparels
ESCORTS,107.33,"Agricultural, Commercial & Construction Vehicles"
INDIASHLTR,29.22,Finance
NESTLEIND,30.84,Food Products
CMSINFO,21.72,Commercial Services & Supplies
GRAVITA,39.18,Minerals & Mining
HNDFDS,8.37,Diversified FMCG
LICI,65.63,Insurance
QUESS,23.69,Commercial Services & Supplies
LXCHEM,4.81,Chemicals & Petrochemicals
GODREJCP,-3.61,Personal Products
TARC,-6.21,Realty
TATACOMM,32.47,Telecom - Services
BBTC,171.06,Food Products
ICICIGI,44.68,Insurance
GRANULES,20.1,Pharmaceuticals & Biotechnology
ABB,79.41,Electrical Equipment
GAIL,17.55,Gas
NTPC,19.71,Power
ASTRAZEN,32.82,Pharmaceuticals & Biotechnology
JMFINANCIL,4.72,Finance
MARUTI,446.29,Automobiles
LLOYDSENGG,0.86,Industrial Manufacturing
PRUDENT,42.62,Capital Markets
TECHNOE,29.04,Construction
GLS,34.47,Pharmaceuticals & Biotechnology
ZYDUSWELL,50.22,Food Products
TVSSCS,0.78,Transport Services
FLUOROCHEM,37.2,Chemicals & Petrochemicals
JSWENERGY,11.39,Power
TRENT,50.97,Retailing
SAPPHIRE,0.55,Leisure Services
GODREJIND,12.05,Diversified
RECLTD,56.4,Finance
SIGNATURE,4.18,Realty
GREENPLY,8.94,Consumer Durables
GODREJPROP,49.97,Realty
DBL,32.0,Construction
HAVELLS,22.51,Consumer Durables
BATAINDIA,27.09,Consumer Durables
ASAHIINDIA,12.8,Auto Components
SBFC,2.79,Finance
BECTORFOOD,24.13,Food Products
NIITMTS,16.22,Other Consumer Services
BLS,10.14,Leisure Services
CESC,10.66,Power
HINDUNILVR,43.68,Diversified FMCG
LALPATHLAB,48.35,Healthcare Services
BANKBARODA,38.68,Banks
PFIZER,134.96,Pharmaceuticals & Biotechnology
TVSMOTOR,39.68,Automobiles
INDIAGLYCO,62.65,Chemicals & Petrochemicals
TATACHEM,-13.34,Chemicals & Petrochemicals
BALKRISIND,84.24,Auto Components
LEMONTREE,1.92,Leisure Services
BOMDYEING,170.86,Textiles & Apparels
GHCL,55.71,Chemicals & Petrochemicals
SHRIRAMFIN,212.28,Finance
MRF,4596.72,Auto Components
HARSHA,14.46,Industrial Products
JINDALSTEL,55.66,Ferrous Metals
SUNTV,46.64,Entertainment
REDINGTON,15.55,Commercial Services & Supplies
FACT,-1.1,Fertilizers & Agrochemicals
KSL,57.03,Industrial Products
JAICORPLTD,3.73,Industrial Products
NLCINDIA,13.82,Power
INDIGOPNTS,29.24,Consumer Durables
JIOFIN,2.53,Finance
EMBDL,-6.37,Realty
CUMMINSIND,70.37,Industrial Products
AZAD,11.76,Electrical Equipment
POLYMED,30.61,Healthcare Equipment & Supplies
GODIGIT,1.68,Insurance
GLENMARK,-36.08,Pharmaceuticals & Biotechnology
TITAN,36.71,Consumer Durables
EDELWEISS,5.73,Finance
REDTAPE,11.42,Consumer Durables
CGPOWER,5.86,Electrical Equipment
TATAPOWER,11.72,Power
APLLTD,32.88,Pharmaceuticals & Biotechnology
BAJFINANCE,248.57,Finance
BLUESTARCO,25.76,Consumer Durables
USHAMART,14.05,Industrial Products
SRF,38.05,Chemicals & Petrochemicals
ACI,17.81,Chemicals & Petrochemicals
RELIGARE,6.48,Finance
DCMSHRIRAM,33.45,Diversified
UNOMINDA,16.08,Auto Components
HINDPETRO,19.73,Petroleum Products
AADHARHFC,16.14,Finance
ROSSARI,25.1,Chemicals & Petrochemicals
NATCOPHARM,108.66,Pharmaceuticals & Biotechnology
HEIDELBERG,5.76,Cement & Cement Products
AAVAS,67.26,Finance
ANANTRAJ,10.44,Realty
PVRINOX,-31.42,Entertainment
SHREECEM,479.81,Cement & Cement Products
LMW,187.01,
DRREDDY,66.25,Pharmaceuticals & Biotechnology
PIIND,117.09,Fertilizers & Agrochemicals
BALRAMCHIN,21.36,Agricultural Food & other Products
ENTERO,16.37,Retailing
SCHNEIDER,8.22,Electrical Equipment
BRIGADE,20.47,Realty
AMBER,55.19,Consumer Durables
AXISBANK,89.77,Banks
CROMPTON,7.83,Consumer Durables
NCC,13.26,Construction
HAPPYFORGE,27.51,Industrial Products
SARDAEN,17.21,Ferrous Metals
DLF,14.57,Realty
GOPAL,7.78,Food Products
HINDALCO,56.11,Non - Ferrous Metals
KIRLOSBROS,49.7,Industrial Products
DYNAMATECH,134.99,Industrial Manufacturing
SEQUENT,0.65,Pharmaceuticals & Biotechnology
APLAPOLLO,20.93,Industrial Products
VOLTAS,16.75,Consumer Durables
KEI,69.01,Industrial Products
METROBRAND,15.2,Consumer Durables
GICRE,41.48,Insurance
GOKEX,19.24,Textiles & Apparels
PFC,64.24,Finance
JBCHEPHARM,38.35,Pharmaceuticals & Biotechnology
GODREJAGRO,20.64,Food Products
SBICARD,23.26,Finance
FIEMIND,70.6,Auto Components
JISLJALEQS,0.7,Industrial Products
HBLPOWER,11.79,Auto Components
JYOTICNC,12.05,Industrial Manufacturing
YATHARTH,15.16,Healthcare Services
SUDARSCHEM,18.97,Chemicals & Petrochemicals
RATNAMANI,75.53,Industrial Products
DEEPAKNTR,62.45,Chemicals & Petrochemicals
ABFRL,-6.59,Retailing
HDFCLIFE,7.89,Insurance
JSWINFRA,6.32,Transport Infrastructure
DCAL,-11.11,Pharmaceuticals & Biotechnology
IONEXCHANG,18.22,Other Utilities
EMCURE,30.03,Pharmaceuticals & Biotechnology
WELENT,24.71,Construction
EPIGRAL,70.59,Chemicals & Petrochemicals
MFSL,9.98,Insurance
MOTILALOFS,55.89,Capital Markets
CANFINHOME,61.63,Finance
HDFCAMC,103.0,Capital Markets
AJANTPHARM,69.52,Pharmaceuticals & Biotechnology
VEDL,29.84,Diversified Metals
FINEORG,143.46,Chemicals & Petrochemicals
TRITURBINE,9.9,Electrical Equipment
JKCEMENT,105.24,Cement & Cement Products
INDIGO,171.65,Transport Services
SHYAMMETL,30.3,Industrial Products
APOLLOTYRE,22.83,Auto Components
SONACOMS,9.6,Auto Components
GRINFRA,118.45,Construction
MAXHEALTH,10.88,Healthcare Services
GUJALKALI,-30.52,Chemicals & Petrochemicals
VMART,-27.68,Retailing
ALKEM,177.74,Pharmaceuticals & Biotechnology
ASHOKLEY,8.94,"Agricultural, Commercial & Construction Vehicles"
ABREL,25.05,
ICICIPRULI,6.09,Insurance
PETRONET,26.35,Gas
ASHOKA,33.95,Construction
AARTIPHARM,25.17,Pharmaceuticals & Biotechnology
RALLIS,7.68,Fertilizers & Agrochemicals
NH,38.38,Healthcare Services
BHARTIHEXA,8.39,Telecom - Services
LTTS,123.67,IT - Services
SUMICHEM,9.65,Fertilizers & Agrochemicals
PPLPHARMA,0.4,Pharmaceuticals & Biotechnology
NAVINFLUOR,52.27,Chemicals & Petrochemicals
NUVAMA,229.13,Capital Markets
TEJASNET,26.14,Telecom -  Equipment & Accessories
BOROLTD,6.05,Consumer Durables
UBL,17.94,Beverages
NUVOCO,1.37,Cement & Cement Products
EMUDHRA,9.97,IT - Services
LTFOODS,17.31,Agricultural Food & other Products
PRICOLLTD,13.64,Auto Components
LUPIN,57.42,Pharmaceuticals & Biotechnology
NEOGEN,15.3,Chemicals & Petrochemicals
PGHL,130.98,Pharmaceuticals & Biotechnology
MANKIND,52.76,Pharmaceuticals & Biotechnology
ARVIND,11.06,Textiles & Apparels
GVT&D,15.41,
BOSCHLTD,706.32,Auto Components
MARICO,12.25,Agricultural Food & other Products
FORTIS,8.7,Healthcare Services
NAZARA,10.71,Entertainment
ATUL,128.41,Chemicals & Petrochemicals
PGHH,208.17,Personal Products
ARVINDFASN,5.41,Retailing
VESUVIUS,128.98,Industrial Products
ASTERDM,4.15,Healthcare Services
BLUEJET,9.66,Pharmaceuticals & Biotechnology
SANSERA,35.88,Auto Components
CHAMBLFERT,38.13,Fertilizers & Agrochemicals
ORIENTCEM,7.43,Cement & Cement Products
POWERGRID,16.77,Power
DODLA,36.13,Food Products
JUBLFOOD,6.06,Leisure Services
PIDILITIND,37.41,Chemicals & Petrochemicals
NETWEB,17.6,IT - Hardware
CIPLA,55.37,Pharmaceuticals & Biotechnology
TIPSMUSIC,11.85,
SHRIPISTON,106.16,
ISGEC,39.6,Construction
MCX,68.04,Capital Markets
ITC,16.4,Diversified FMCG
BEL,6.22,Aerospace & Defense
ZENSARTECH,28.39,IT - Software
IPCALAB,24.53,Pharmaceuticals & Biotechnology
INGERRAND,76.3,Industrial Products
GRASIM,67.76,Cement & Cement Products
UPL,87.58,Fertilizers & Agrochemicals
RKFORGE,20.87,Auto Components
KOTAKBANK,109.62,Banks
APOLLOHOSP,82.63,Healthcare Services
JSWSTEEL,20.38,Ferrous Metals
AGI,41.25,Industrial Products
INDIANB,74.43,Banks
APARINDS,214.15,Electrical Equipment
SUNPHARMA,46.13,Pharmaceuticals & Biotechnology
PATANJALI,27.52,Agricultural Food & other Products
ABBOTINDIA,604.37,Pharmaceuticals & Biotechnology
TDPOWERSYS,8.68,Electrical Equipment
NAM-INDIA,20.63,Capital Markets
360ONE,24.75,Capital Markets
BHARTIARTL,20.66,Telecom - Services
JLHL,27.68,Healthcare Services
VIJAYA,12.95,Healthcare Services
EPL,8.14,Industrial Products
VBL,7.83,Beverages
KALYANKJIL,6.09,Consumer Durables
SBIN,80.2,Banks
BIOCON,12.01,Pharmaceuticals & Biotechnology
ULTRACEMCO,227.4,Cement & Cement Products
PAGEIND,558.06,Textiles & Apparels
NATIONALUM,16.9,Non - Ferrous Metals
GILLETTE,138.36,Personal Products
M&M,101.14,Automobiles
STYLAMIND,77.0,Consumer Durables
MUTHOOTFIN,116.56,Finance
BAJAJHLDNG,665.78,Finance
INDGN,12.14,Healthcare Services
UTIAMC,65.87,Capital Markets
CHALET,3.83,Leisure Services
OFSS,285.39,IT - Software
TORNTPHARM,53.19,Pharmaceuticals & Biotechnology
METROPOLIS,28.7,Healthcare Services
CCL,20.5,Agricultural Food & other Products
RAINBOW,22.73,Healthcare Services
TCS,130.69,IT - Software
ETHOSLTD,37.37,Consumer Durables
UNITDSPR,20.03,Beverages
SIEMENS,76.36,Electrical Equipment
ASKAUTOLTD,11.24,Auto Components
MPHASIS,83.88,IT - Software
INFY,65.02,IT - Software
KPRMILL,23.69,Textiles & Apparels
POLYPLEX,49.13,Industrial Products
SUPRIYA,19.55,Pharmaceuticals & Biotechnology
GREAVESCOT,3.2,Industrial Products
SHILPAMED,6.65,Pharmaceuticals & Biotechnology
PARADEEP,4.45,Fertilizers & Agrochemicals
MANINFRA,7.19,Construction
ZOMATO,0.84,Retailing
FSL,7.63,Commercial Services & Supplies
LTIM,156.78,IT - Software
JUBLINGREA,11.06,Chemicals & Petrochemicals
AEGISLOG,16.62,Gas
BSE,60.25,
ERIS,25.63,Pharmaceuticals & Biotechnology
WABAG,41.64,Other Utilities
CRISIL,91.72,Finance
AFFLE,24.61,IT - Services
ISEC,63.18,Capital Markets
JUBLPHARMA,37.27,Pharmaceuticals & Biotechnology
CEATLTD,140.06,Auto Components
PAYTM,-10.37,Financial Technology (Fintech)
KESORAMIND,-12.87,Cement & Cement Products
EICHERMOT,155.59,Automobiles
TIMETECHNO,15.91,Industrial Products
LT,98.33,Construction
ANANDRATHI,63.59,Capital Markets
ZENTEC,24.29,Aerospace & Defense
KIMS,8.25,Healthcare Services
IMFA,80.26,Ferrous Metals
INDIACEM,-11.6,Cement & Cement Products
ICICIBANK,66.18,Banks
MASTEK,118.32,IT - Software
TI,8.96,Beverages
SAFARI,33.09,Consumer Durables
POLICYBZR,4.55,Financial Technology (Fintech)
RAMCOCEM,12.08,Cement & Cement Products
CHOICEIN,5.3,Finance
OBEROIRLTY,63.83,Realty
MANYAVAR,16.64,Retailing
KEC,16.34,Construction
EIDPARRY,41.34,Fertilizers & Agrochemicals
WELCORP,41.68,Industrial Products
SUVENPHAR,9.53,Pharmaceuticals & Biotechnology
POLYCAB,118.96,Industrial Products
CARTRADE,18.03,Retailing
HCG,4.07,Healthcare Services
DHANI,-4.19,Finance
HCLTECH,61.91,IT - Software
ABSLAMC,30.97,Capital Markets
KARURVYSYA,22.38,Banks
PEL,-80.94,Finance
PRAJIND,16.31,Industrial Manufacturing
TECHM,36.81,IT - Software
GANESHHOUC,58.29,Realty
COROMANDEL,46.34,Fertilizers & Agrochemicals
KFINTECH,17.34,Capital Markets
MEDPLUS,8.37,Retailing
MARKSANS,7.64,Pharmaceuticals & Biotechnology
DOMS,30.56,Household Products
RADICO,21.38,Beverages
KAYNES,37.72,Industrial Manufacturing
WIPRO,22.42,IT - Software
BANCOINDIA,48.13,Auto Components
CAMS,85.75,Capital Markets
STAR,19.3,Pharmaceuticals & Biotechnology
TIRUMALCHM,-3.27,Chemicals & Petrochemicals
DEEPAKFERT,53.76,Chemicals & Petrochemicals
PERSISTENT,79.73,IT - Software
NAUKRI,36.32,Retailing
HDFCBANK,88.37,Banks
CDSL,25.58,
INDHOTEL,11.74,Leisure Services
FEDERALBNK,16.74,Banks
NESCO,53.34,Commercial Services & Supplies
CUB,14.18,Banks
NEULANDLAB,217.22,Pharmaceuticals & Biotechnology
AMIORG,23.36,Pharmaceuticals & Biotechnology
DIVISLAB,69.13,Pharmaceuticals & Biotechnology
GRWRHITECH,131.82,Industrial Products
CIGNITITEC,50.4,IT - Services
LLOYDSME,27.44,Ferrous Metals
KIRLPNU,29.19,Industrial Products
ECLERX,106.36,Commercial Services & Supplies
DIXON,121.72,Consumer Durables
SYNGENE,12.04,Healthcare Services
HIKAL,5.97,Pharmaceuticals & Biotechnology
AVALON,4.34,Electrical Equipment
PGEL,7.3,Consumer Durables
COFORGE,125.08,IT - Software
LAURUSLABS,2.44,Pharmaceuticals & Biotechnology
ORCHPHARMA,22.97,Pharmaceuticals & Biotechnology
WOCKPHARMA,-19.8,Pharmaceuticals & Biotechnology
CAPLIPOINT,64.57,Pharmaceuticals & Biotechnology
